id,year_middle,full_family
0,3.93195734072171,true
1,4.364722788335843,false
2,3.81591393307342,false
3,3.0314899114522675,true
4,2.162960287709555,true
5,2.1810179923506725,false
6,3.6943406597283825,false
7,2.815531904766358,true
8,3.077061666152216,true
9,2.9294883058678947,false
